{"cameraMode":{"drawMode":0,"name":"Shaded","section":"Shading Mode"},"sceneLighting":false,"audioPlay":false,"sceneViewState":{"showFog":true,"showMaterialUpdate":false,"showSkybox":false,"showFlares":true,"showImageEffects":true,"showParticleSystems":true},"in2DMode":false,"pivot":{"x":-2.639287233352661,"y":3.89868426322937,"z":1.3047242164611817},"rotation":{"x":-0.07822899520397186,"y":0.0035862645599991085,"z":-0.00028137327171862125,"w":-0.9969314336776733},"size":1.321110486984253,"orthographic":false}