{"cameraMode":{"drawMode":0,"name":"Shaded","section":"Shading Mode"},"sceneLighting":false,"audioPlay":false,"sceneViewState":{"showFog":true,"showMaterialUpdate":false,"showSkybox":false,"showFlares":true,"showImageEffects":true,"showParticleSystems":true},"in2DMode":false,"pivot":{"x":4.713114261627197,"y":3.009612798690796,"z":2.5268964767456056},"rotation":{"x":-0.1440693587064743,"y":-0.12816321849822999,"z":0.01882103458046913,"w":-0.981054425239563},"size":0.6371027231216431,"orthographic":false}