{"cameraMode":{"drawMode":0,"name":"Shaded","section":"Shading Mode"},"sceneLighting":false,"audioPlay":false,"sceneViewState":{"showFog":true,"showMaterialUpdate":false,"showSkybox":false,"showFlares":true,"showImageEffects":true,"showParticleSystems":true},"in2DMode":false,"pivot":{"x":-144.30856323242188,"y":59.284603118896487,"z":-7.71954345703125},"rotation":{"x":-0.09141876548528671,"y":0.07520753890275955,"z":-0.0069243814796209339,"w":-0.9929467439651489},"size":142.30337524414063,"orthographic":false}